Title ID,Title EN,Meta Description ID,Meta Description EN,Slug ID,Slug EN,Excerpt ID,Excerpt EN,Tags ID,Tags EN,Body ID,Body EN,Published,Publish Date,Instagram URL
Mengapa Suara Singing Bowl Terasa Menenangkan?,Why Does the Sound of a Singing Bowl Feel So Calming?,Pelajari mengapa dengung singing bowl membantu banyak orang merasa lebih tenang dan bagaimana cara mencobanya dengan aman di rumah.,Learn why the hum of a singing bowl helps many people feel calmer and how to try it safely at home.,mengapa-suara-singing-bowl-menenangkan,why-singing-bowl-sound-feels-calming,Dengung yang panjang dan stabil memberi pikiran satu hal sederhana untuk diikuti. Inilah yang membuatnya terasa menenangkan.,"A long, steady hum gives the mind one simple thing to follow. That is what makes it feel calming.","sound healing, singing bowl","sound healing, singing bowl","Banyak orang bercerita bahwa setelah mendengarkan singing bowl, napas terasa lebih panjang dan pikiran lebih pelan. Apa yang sebenarnya terjadi?

## Satu bunyi, satu titik fokus

Pikiran kita cenderung berlompatan. Dengung singing bowl yang panjang dan stabil memberi perhatian satu titik untuk diikuti. Saat perhatian berlabuh, ritme napas sering ikut melambat.

## Getaran yang bisa dirasakan

Selain didengar, suara juga bisa dirasakan sebagai getaran halus, terutama bila mangkuk diletakkan dekat tubuh. Sensasi ini membantu orang kembali menyadari tubuhnya.

## Cara mencoba di rumah

- Duduk nyaman dan letakkan mangkuk di telapak tangan atau bantalan
- Ketuk pelan, lalu dengarkan sampai bunyinya benar-benar hilang
- Ulangi 3 sampai 5 kali sambil menarik napas perlahan

Pengalaman setiap orang berbeda, dan singing bowl bukan pengganti perawatan medis. Jika Anda sedang berada di masa yang berat, dampingi dengan bantuan profesional.

Ingin merasakannya bersama kelompok? Lihat jadwal sesi kami atau hubungi lewat WhatsApp.","Many people say that after listening to a singing bowl, their breath feels longer and their mind slower. What is actually going on?

## One sound, one point of focus

Our minds tend to jump around. The long, steady hum of a singing bowl gives attention one point to follow. Once attention settles, the rhythm of the breath often slows too.

## Vibration you can feel

Sound is not only heard. It can also be felt as a subtle vibration, especially when the bowl rests near the body. That sensation helps people notice their body again.

## How to try it at home

- Sit comfortably and rest the bowl on your palm or a cushion
- Strike gently, then listen until the sound fades completely
- Repeat 3 to 5 times while breathing slowly

Everyone's experience differs, and a singing bowl is not a substitute for medical care. If you are going through a hard time, pair it with professional support.

Want to experience it with a group? Check our session schedule or message us on WhatsApp.",checked,2026-09-20,https://www.instagram.com/p/DcwO7jHE2nC/
Latihan Grounding 5 Menit Saat Pikiran Terasa Penuh,A 5-Minute Grounding Practice for When Your Mind Feels Full,Latihan grounding sederhana selama lima menit untuk membantu Anda kembali ke tubuh dan saat ini. Bisa dilakukan di mana saja.,A simple five-minute grounding practice to help you return to your body and the present. You can do it anywhere.,latihan-grounding-lima-menit,five-minute-grounding-practice,"Saat pikiran terasa penuh, kembali ke tubuh adalah langkah paling dekat. Berikut latihan lima menit yang bisa Anda coba.","When your mind feels full, returning to the body is the closest step. Here is a five-minute practice you can try.","grounding, napas","grounding, breath","Ada hari-hari ketika pikiran terasa seperti tab browser yang terbuka semuanya. Grounding membantu perhatian turun dari kepala ke tubuh dan ke saat ini.

## Langkah singkat

- **Rasakan pijakan.** Letakkan kedua telapak kaki di lantai dan rasakan tekanannya.
- **Napas panjang.** Tarik napas empat hitungan, hembuskan enam hitungan, ulangi lima kali.
- **Sebut yang terlihat.** Sebutkan pelan-pelan lima benda yang Anda lihat, empat yang bisa disentuh, tiga yang terdengar.
- **Tutup dengan jeda.** Letakkan tangan di dada atau perut dan diam satu napas penuh.

## Kapan melakukannya

Sebelum rapat, setelah percakapan yang melelahkan, atau saat malam sulit tidur karena pikiran masih ramai.

Grounding adalah praktik mandiri yang lembut. Jika rasa cemas atau lelah terus berlanjut, mencari pendampingan profesional adalah langkah yang baik.

Untuk latihan berkelompok dengan iringan suara, lihat sesi Sound Meditation & Grounding Practice kami.","Some days the mind feels like a browser with every tab open. Grounding helps attention move from the head down into the body and the present moment.

## Quick steps

- **Feel your footing.** Place both feet on the floor and notice the pressure.
- **Long breaths.** Inhale for four counts, exhale for six, repeat five times.
- **Name what you see.** Slowly name five things you see, four you can touch, three you can hear.
- **Close with a pause.** Rest a hand on your chest or belly and stay still for one full breath.

## When to use it

Before a meeting, after a draining conversation, or at night when a busy mind keeps you awake.

Grounding is a gentle self-practice. If anxiety or exhaustion keeps going, seeking professional support is a good step.

For guided group practice with sound, see our Sound Meditation & Grounding Practice sessions.",checked,2026-09-27,https://www.instagram.com/p/DciPP2gTVaM/
Apa Itu Konseling Intuitif dan Kapan Anda Membutuhkannya?,What Is Intuitive Counseling and When Might You Need It?,"Kenali apa itu konseling intuitif, bagaimana sesinya berjalan, dan tanda-tanda Anda mungkin butuh ruang untuk didengarkan.","Learn what intuitive counseling is, how a session unfolds, and signs you might need a space to be heard.",apa-itu-konseling-intuitif,what-is-intuitive-counseling,"Konseling intuitif mengajak Anda mendengarkan apa yang dirasakan tubuh dan hati, bukan hanya apa yang dipikirkan.","Intuitive counseling invites you to listen to what the body and heart feel, not only to what the mind thinks.","konseling, intuisi","counseling, intuition","Konseling intuitif adalah pendampingan percakapan yang memberi ruang pada apa yang dirasakan tubuh dan hati, selain apa yang dipikirkan kepala.

## Bagaimana sesinya berjalan

Kita mulai dengan menenangkan napas. Lalu Anda bercerita dengan kecepatan sendiri. Pendamping membantu dengan pertanyaan dan refleksi, dan di akhir sesi Anda merumuskan satu atau dua langkah kecil.

## Tanda Anda mungkin butuh ruang ini

- Sulit mengambil keputusan walau sudah banyak berpikir
- Merasa lelah secara emosional tanpa tahu penyebabnya
- Ingin ditemani, bukan dinasihati
- Ingin lebih mengenal kebutuhan dan batas diri

## Yang perlu diketahui

Konseling intuitif adalah pendampingan komplementer. Ia tidak menggantikan diagnosis atau terapi dari psikolog klinis maupun psikiater. Bila Anda mengalami krisis atau memiliki pikiran untuk menyakiti diri, segera hubungi layanan darurat atau tenaga profesional.

Sesi dilakukan secara daring sehingga bisa diikuti dari tempat yang membuat Anda nyaman.","Intuitive counseling is a conversational companionship that makes room for what the body and heart feel, not only what the head thinks.

## How a session unfolds

We begin by settling the breath. Then you speak at your own pace. The companion helps with questions and reflection, and by the end you shape one or two small steps.

## Signs you might need this space

- Struggling to decide even after a lot of thinking
- Feeling emotionally tired without knowing why
- Wanting company rather than advice
- Wanting to know your needs and limits better

## Good to know

Intuitive counseling is complementary support. It does not replace diagnosis or therapy from a clinical psychologist or psychiatrist. If you are in crisis or have thoughts of hurting yourself, contact emergency services or a professional right away.

Sessions are online, so you can join from a place where you feel comfortable.",checked,2026-10-02,https://www.instagram.com/p/DbAVeSfz333/
