Slug,Order,Published,Category,Title ID,Title EN,Summary ID,Summary EN,Description ID,Description EN,Price ID,Price EN,Order URL
singing-bowl-nusantara,1,checked,singing-bowl,Singing Bowl Nusantara,Nusantara Singing Bowl,"Singing bowl buatan pengrajin Nusantara untuk meditasi, praktik grounding, dan sound healing.","Singing bowls made by Nusantara artisans for meditation, grounding practice, and sound healing.","Singing bowl menghasilkan denting dan dengung panjang yang membantu perhatian berlabuh pada saat ini. Banyak orang memakainya untuk menenangkan diri, mengiringi meditasi, dan menciptakan suasana yang hening di rumah maupun di ruang praktik.

**Manfaat yang sering dirasakan pengguna**

- Membantu rileks dan melepas ketegangan setelah hari yang panjang
- Membantu fokus saat meditasi atau latihan napas
- Menjadi penanda ritual harian, misalnya pembuka atau penutup sesi
- Menghadirkan suasana tenang di rumah, studio, atau ruang komunitas

Pengalaman setiap orang berbeda. Tanyakan kepada kami untuk memilih ukuran dan karakter suara yang sesuai dengan kebutuhan Anda.","A singing bowl produces a long chime and hum that helps attention settle on the present moment. Many people use it to calm down, accompany meditation, and create a quiet atmosphere at home or in a practice space.

**Benefits users often report**

- Helps you relax and release tension after a long day
- Supports focus during meditation or breathwork
- Marks a daily ritual, such as opening or closing a session
- Brings calm to a home, studio, or community space

Everyone's experience differs. Ask us to choose the size and sound character that suit your needs.",,,
jasa-grafir-mallet-singing-bowl,2,checked,engraving,Jasa Grafir Mallet Stick dan Singing Bowl,Mallet Stick and Singing Bowl Engraving,Tidak ada dua singing bowl yang sama. Jadikan milik Anda dengan menambahkan kepribadian atau identitas pada singing bowl Anda.,No two singing bowls are alike. Make it yours by adding a personality or identity to your singing bowl.,"Setiap singing bowl punya suara dan karakter sendiri. Dengan grafir, Anda bisa menambahkan nama, simbol, mantra, aksara, atau motif yang bermakna sehingga alat Anda menjadi benar-benar personal.

**Cocok untuk**

- Hadiah yang bermakna untuk orang terdekat
- Identitas komunitas atau studio
- Penanda perjalanan pribadi

**Cara memesan**

- Kirim ide teks atau desain melalui WhatsApp
- Kami bantu menyesuaikan ukuran dan penempatan grafir
- Konfirmasi desain sebelum pengerjaan dimulai","Every singing bowl has its own voice and character. With engraving you can add a name, symbol, mantra, script, or motif that carries meaning, so your instrument becomes truly personal.

**A good fit for**

- Meaningful gifts for people close to you
- A community or studio identity
- Marking a personal journey

**How to order**

- Send your text or design idea via WhatsApp
- We help adjust the size and placement of the engraving
- Confirm the design before work begins",,,
