Slug,Order,Published,Title ID,Title EN,Summary ID,Summary EN,Description ID,Description EN,Lynk URL,Icon
online-intuitive-counseling,1,checked,Online Intuitive Counseling,Online Intuitive Counseling,"Sesi percakapan daring yang hangat untuk membantu Anda mengenali perasaan, menemukan pola, dan mendengar intuisi diri.","A warm online conversation to help you name what you feel, notice patterns, and hear your own intuition.","Online Intuitive Counseling adalah sesi pendampingan satu lawan satu melalui video atau suara. Kita berbicara pelan-pelan, mengikuti apa yang muncul di tubuh dan pikiran Anda, lalu merumuskan langkah kecil yang terasa masuk akal.

Cocok untuk Anda yang sedang bingung mengambil keputusan, kelelahan secara emosional, atau ingin ditemani memahami diri sendiri.

**Yang bisa Anda harapkan**

- Ruang bicara yang aman dan tanpa penghakiman
- Refleksi dan pertanyaan pemantik untuk mengenali kebutuhan diri
- Latihan napas atau grounding singkat jika diperlukan
- Catatan langkah kecil setelah sesi","Online Intuitive Counseling is a one-to-one companionship session by video or voice. We speak slowly, follow what arises in your body and mind, and shape small steps that feel right.

It suits you if you are torn about a decision, emotionally tired, or want company while understanding yourself better.

**What you can expect**

- A safe, non-judgmental space to talk
- Reflection and guiding questions to name your needs
- A short breath or grounding practice when helpful
- Notes on small next steps after the session",https://lynk.id/temanpulihmu/mlxp76804mkr,leaf
sound-meditation-grounding,2,checked,Sound Meditation & Grounding Practice,Sound Meditation & Grounding Practice,Meditasi dengan getaran singing bowl dan latihan grounding untuk menenangkan napas dan membawa Anda kembali ke saat ini.,Meditation with singing bowl vibrations and grounding practice to settle the breath and bring you back to the present.,"Sesi ini memadukan meditasi bersuara dan praktik grounding sederhana. Anda duduk atau berbaring dengan nyaman, sementara denting dan dengung singing bowl menuntun perhatian ke napas dan tubuh.

Tidak perlu pengalaman meditasi sebelumnya.

**Cocok untuk**

- Individu yang ingin jeda dari rutinitas yang padat
- Komunitas atau tim yang butuh ruang untuk menenangkan diri bersama
- Pembuka atau penutup lokakarya dan retret","This session blends sound meditation with simple grounding practice. You sit or lie comfortably while the chime and hum of singing bowls guide your attention to breath and body.

No prior meditation experience needed.

**A good fit for**

- Individuals who want a pause from a busy routine
- Communities or teams that need space to settle together
- Opening or closing a workshop or retreat",https://lynk.id/temanpulihmu/l2d8q32e51qo,wave
chakra-meridian-massage,3,checked,Private Chakra and Meridian Massage Therapy,Private Chakra and Meridian Massage Therapy,Pijat privat yang menyelaraskan titik-titik energi tubuh melalui sentuhan lembut pada jalur meridian dan chakra.,A private massage that works gently along meridian lines and chakra points to support the body's sense of balance.,"Sesi pijat privat dengan sentuhan lembut yang mengikuti jalur meridian dan titik chakra. Fokusnya adalah merilekskan otot, melonggarkan ketegangan, dan membantu tubuh merasa lebih seimbang.

Sesi dilakukan secara privat. Sampaikan kondisi dan kenyamanan Anda sebelum mulai agar tekanan dan area sentuhan dapat disesuaikan.

Bila Anda memiliki kondisi medis tertentu, mohon konsultasikan terlebih dahulu dengan tenaga kesehatan.","A private massage session using gentle touch along meridian lines and chakra points. The focus is on relaxing muscles, easing tension, and helping the body feel more balanced.

Sessions are private. Share your condition and comfort level beforehand so pressure and areas of touch can be adjusted.

If you have a particular medical condition, please consult a health professional first.",https://lynk.id/temanpulihmu/jz3nqo9z4x9p,stone
sound-healing-nusantara,4,checked,Private & Group Sound Healing Nusantara Sessions,Private & Group Sound Healing Nusantara Sessions,"Sesi sound healing dengan instrumen Nusantara, tersedia untuk privat maupun kelompok komunitas dan institusi.","Sound healing sessions with Nusantara instruments, available privately or for community and institutional groups.","Pengalaman mendengarkan yang imersif: Anda berbaring atau duduk nyaman, lalu gelombang suara dari singing bowl dan instrumen Nusantara mengalir mengisi ruangan. Sesi bisa dibuat privat atau untuk kelompok.

Untuk komunitas dan institusi, kami menyesuaikan tema, durasi, dan jumlah peserta sesuai kebutuhan acara Anda, misalnya penutup lokakarya, hari kesehatan mental, atau retret tim.

Hubungi kami melalui WhatsApp untuk membahas format yang paling sesuai.","An immersive listening experience: you lie or sit comfortably while waves of sound from singing bowls and Nusantara instruments fill the room. Sessions can be private or for a group.

For communities and institutions we adapt the theme, length, and group size to your event, for example a workshop closing, a mental health day, or a team retreat.

Message us on WhatsApp to find the format that fits best.",https://lynk.id/temanpulihmu/524y5eo236rd,bowl
