Key,ID,EN
hero_title,"Ruang untuk bernapas, hadir, dan pulih bersama.","A space to breathe, arrive, and heal together."
hero_subtitle,"Teman Pulih menemani komunitas dan institusi melalui konseling intuitif, sound healing Nusantara, meditasi suara, dan praktik grounding.","Teman Pulih supports communities and institutions through intuitive counseling, Nusantara sound healing, sound meditation, and grounding practice."
intro_title,Pulih tidak harus sendirian,Healing doesn't have to be done alone
intro_body,"Kami percaya pemulihan tumbuh dari rasa aman, ritme yang pelan, dan ditemani. Setiap sesi dirancang agar tubuh, napas, dan perasaan punya ruang untuk kembali selaras, dengan sentuhan suara dan kearifan Nusantara.","We believe recovery grows from safety, a slower rhythm, and good company. Every session is designed to give the body, breath, and emotions room to realign, guided by sound and the wisdom of the archipelago."
audience_title,Untuk komunitas dan institusi,For communities and institutions
audience_body,"Sesi kelompok untuk komunitas, sekolah, kampus, kantor, yayasan, dan retret. Format, durasi, dan tema dapat disesuaikan dengan kebutuhan kelompok Anda.","Group sessions for communities, schools, campuses, workplaces, foundations, and retreats. Format, duration, and theme can be tailored to your group's needs."
about_title,Tentang Teman Pulih,About Teman Pulih
about_body,"Teman Pulih adalah ruang pendampingan yang memadukan konseling intuitif, sound healing, dan praktik tubuh untuk membantu orang kembali terhubung dengan dirinya sendiri.

Kami bekerja dengan alat musik Nusantara seperti singing bowl, dipadukan dengan napas, gerak lembut, dan percakapan yang aman. Tujuannya sederhana: memberi ruang yang tenang agar Anda bisa berhenti sejenak, mendengarkan diri, dan melangkah dengan lebih ringan.

Pendekatan kami bersifat pendamping dan komplementer. Layanan Teman Pulih tidak menggantikan diagnosis atau perawatan dari tenaga medis maupun psikolog klinis.","Teman Pulih is a companionship space that blends intuitive counseling, sound healing, and body-based practice to help people reconnect with themselves.

We work with Nusantara instruments such as singing bowls, combined with breath, gentle movement, and safe conversation. The aim is simple: a calm space where you can pause, listen inward, and move forward a little lighter.

Our approach is supportive and complementary. Teman Pulih services do not replace diagnosis or treatment from medical professionals or clinical psychologists."
about_values,"Rasa aman|Setiap sesi dimulai dari persetujuan, kenyamanan, dan batas yang dihormati.;Ritme pelan|Tidak ada yang perlu dikejar. Kami mengikuti kecepatan tubuh Anda.;Akar Nusantara|Bunyi, bahan, dan cara menyapa yang tumbuh dari tanah dan budaya kita.","Safety first|Every session starts with consent, comfort, and respected boundaries.;A slower rhythm|Nothing to chase. We follow the pace of your body.;Rooted in Nusantara|Sounds, materials, and ways of greeting that grow from our land and culture."
disclaimer,Layanan Teman Pulih bersifat komplementer dan tidak menggantikan perawatan medis atau psikologis profesional.,Teman Pulih services are complementary and do not replace professional medical or psychological care.
